"year","Seas","gear","Discard","Std_in"
2020,1,1,0.178210073099624,0.0255523060644652
2020,1,2,0.11157452450431,0.0609360020991483
2021,1,1,0.145299606866809,0.0372943775818526
2021,1,2,0.127323634585116,0.389218369239749
